id,ident,type,name,latitude_deg,longitude_deg,elevation_ft,continent,iso_country,iso_region,municipality,gps_code,iata_code,local_code,address
1,FAOR,Large International,O.R. Tambo International Airport,-26.1392,28.246,5558,Africa,ZA,Gauteng,Johannesburg,FAOR,JNB,,1 Jones Rd, Kempton Park, Johannesburg, 1632, South Africa
2,FACT,Large International,Cape Town International Airport,-33.9648,18.6017,151,Africa,ZA,Western Cape,Cape Town,FACT,CPT,,Matroosfontein, Cape Town, 7490, South Africa
3,FALE,Large International,King Shaka International Airport,-29.6144,31.1197,295,Africa,ZA,KwaZulu-Natal,Durban,FALE,DUR,,King Shaka Dr, La Mercy, 4407, South Africa
200,FAGG,Regional,George Airport,-34.0056,22.3789,648,Africa,ZA,Western Cape,George,FAGG,GRJ,,R404, George, 6530, South Africa
201,FALA,International,Lanseria International Airport,-25.9386,27.9261,4517,Africa,ZA,Gauteng,Johannesburg,FALA,HLA,,Airport Rd, Lanseria, 1748, South Africa
202,FAPE,International,Chief Dawid Stuurman International Airport,-33.9849,25.6173,226,Africa,ZA,Eastern Cape,Gqeberha,FAPE,PLZ,,Allister Miller Dr, Walmer, Gqeberha, 6070, South Africa
203,FABL,International,Bram Fischer International Airport,-29.0922,26.3025,4457,Africa,ZA,Free State,Bloemfontein,FABL,BFN,,Airport Rd, Bloemfontein, 9301, South Africa
204,FAEL,Regional,East London Airport,-33.0356,27.8256,435,Africa,ZA,Eastern Cape,East London,FAEL,ELS,,Settlers Way, East London, 5201, South Africa
205,FAKN,Regional,Kimberley Airport,-28.8028,24.7653,3950,Africa,ZA,Northern Cape,Kimberley,FAKN,KIM,,Oliver Road, Kimberley, 8300, South Africa
206,FAUP,International,Upington International Airport,-28.4006,21.2603,2791,Africa,ZA,Northern Cape,Upington,FAUP,UTN,,Diedericks St, Upington, 8801, South Africa
207,FAQM,International,Kruger Mpumalanga International Airport,-25.3832,31.0981,2829,Africa,ZA,Mpumalanga,Nelspruit,FAQM,MQP,,R538, White River, 1240, South Africa
208,FAWB,General Aviation,Wonderboom Airport,-25.6539,28.2242,4095,Africa,ZA,Gauteng,Pretoria,FAWB,PRY,,Lintvelt Rd, Wonderboom, Pretoria, 0182, South Africa
209,FAGC,General Aviation,Grand Central Airport,-25.9869,28.1425,5325,Africa,ZA,Gauteng,Midrand,FAGC,GCJ,,New Rd, Midrand, 1685, South Africa
210,FAHO,Military/Civilian,Hoedspruit Air Force Base,-24.3617,31.0503,1738,Africa,ZA,Limpopo,Hoedspruit,FAHO,HDS,,Air Force Base, Hoedspruit, 1380, South Africa
211,FAPB,Regional,Phalaborwa Airport,-23.9372,31.1556,1432,Africa,ZA,Limpopo,Phalaborwa,FAPB,PHW,,President Steyn St, Phalaborwa, 1390, South Africa
212,FAPM,Regional,Pietermaritzburg Airport,-29.6492,30.3986,2423,Africa,ZA,KwaZulu-Natal,Pietermaritzburg,FAPM,PZB,,Oribi Rd, Bisley, Pietermaritzburg, 3201, South Africa
213,FARB,Regional,Richards Bay Airport,-28.7419,32.0922,109,Africa,ZA,KwaZulu-Natal,Richards Bay,FARB,RCB,,Fish Eagle Flight, Richards Bay, 3900, South Africa
214,FASZ,Regional,Skukuza Airport,-24.9614,31.5864,1020,Africa,ZA,Mpumalanga,Skukuza,FASZ,SZK,,Skukuza Rest Camp, Kruger National Park, 1350, South Africa
215,FATP,General Aviation,New Tempe Airport,-29.0325,26.1586,4526,Africa,ZA,Free State,Bloemfontein,FATP,,,"Kenilworth Rd, Bloemfontein, 9301, South Africa"
216,FAVR,Small,Vredendal Airport,-31.6422,18.5433,330,Africa,ZA,Western Cape,Vredendal,FAVR,VRE,,"R362, Vredendal, 8160, South Africa"
300,FADQ,small_airport,Zulu Inyala Airport,-27.8494,32.3097,160,Africa,ZA,Kwazulu-Natal,Phinda,FADQ,PZL,,
301,ZA-0266,small_airport,Zilverstroom Farm Airport,-29.5561,22.8968,130,Africa,ZA,Northern Cape,Prieska,ZA-0266,,,
302,ZA-0220,small_airport,Zilkaats Airstrip,-25.6584,27.8825,980,Africa,ZA,North-West,Brits,ZA-0220,,,
303,FAZR,small_airport,Zeerust Airport,-25.5990,26.0423,258,Africa,ZA,North-West,Zeerust,FAZR,,,
304,ZA-0114,small_airport,Zebula Airstrip,-24.7567,27.9691,209,Africa,ZA,Limpopo,Bela-Bela,ZA-0114,,,
305,ZA-0334,Unknown,Zastron Airport [CLOSED],-30.3062,27.1069,265,Africa,ZA,Free State,Zastron,ZA-0334,,,
306,FAYP,medium_airport,Ysterplaat Air Force Base,-33.9002,18.4983,52,Africa,ZA,Western Cape,Cape Town,FAYP,,,
307,FAWC,small_airport,Worcester Glider Airport,-33.6631,19.4153,673,Africa,ZA,Western Cape,Worcester,FAWC,,,
308,FAWB,medium_airport,Wonderboom Airport,-25.6539,28.2242,95,Africa,ZA,Gauteng,Pretoria,FAWB,PRY,,
309,FAWD,small_airport,Wolmeransstad Airport,-27.1700,25.9800,513,Africa,ZA,North-West,Wolmeransstad,FAWD,,,
310,ZA-0276,small_airport,Witfontein Airport,-29.2769,23.9052,520,Africa,ZA,Northern Cape,Salt Lake,ZA-0276,,,
311,FATW,small_airport,Witberg Tswalu Airport,-27.2050,22.4819,921,Africa,ZA,Northern Cape,Tswalo Game Reserve,FATW,,,
312,FAWI,small_airport,Witbank Airport,-25.8323,29.1920,78,Africa,ZA,Mpumalanga,Witbank,FAWI,,,
313,FAWT,small_airport,Winterveldt Mine Airport,-24.6601,30.1804,0,Africa,ZA,Limpopo,Doornbosch,FAWT,,,
314,ZA-0182,small_airport,Wings Park Airfield,-32.8248,27.8357,0,Africa,ZA,Eastern Cape,East London,ZA-0182,,,
315,ZA-0194,Unknown,Wingfield Air Base [CLOSED],-33.9070,18.5304,0,Africa,ZA,Western Cape,Cape Town,ZA-0194,,,
316,FAWO,small_airport,Willowmore Airport,-33.2633,23.4906,608,Africa,ZA,Eastern Cape,Willowmore,FAWO,,,
317,FAWL,small_airport,Williston Airport,-31.3836,20.9328,484,Africa,ZA,Northern Cape,Williston,FAWL,,,
318,ZA-0347,small_airport,Wild Rivers Airfield,-24.2745,30.8896,637,Africa,ZA,Limpopo,Hoedspruit,ZA-0347,,,
319,FAWV,small_airport,White River Mercy Air,-25.3197,30.9708,932,Africa,ZA,Free State,White River,FAWV,,,
320,ZA-0180,small_airport,Whats Landing Airport,-32.9019,28.0491,0,Africa,ZA,Eastern Cape,Kwelega,ZA-0180,,,
321,ZA-0290,heliport,West Vaal Hospital Heliport,-26.9646,26.6736,314,Africa,ZA,North-West,Orkney,ZA-0290,,,
322,FAWS,small_airport,Wesselbronn Af Airport,-27.8467,26.3506,301,Africa,ZA,Free State,Wesselsbron,FAWS,,,
323,FAWP,Unknown,Wepener Airport [CLOSED],-29.7418,27.0233,755,Africa,ZA,Free State,Wepener,FAWP,,,
324,ZA-0175,heliport,Wentworth Hospital Helipad,-29.9329,30.9891,0,Africa,ZA,Kwazulu-Natal,Bluff,ZA-0175,,,
325,FAWM,small_airport,Welkom Airport,-27.9968,26.6633,421,Africa,ZA,Free State,Welkom,FAWM,WEL,,
326,ZA-0232,small_airport,Welgevonden Western Airstrip,-24.2861,27.7867,400,Africa,ZA,Limpopo,Welgevonden Game Reserve,ZA-0232,,,
327,FAWE,small_airport,Welgevonden Reserve,-24.2046,27.9000,609,Africa,ZA,Limpopo,Waterberg,FAWE,,,
328,FAWR,small_airport,Wavecrest Airport,-32.5899,28.5185,89,Africa,ZA,Eastern Cape,Wavecrest,FAWR,,,
329,FAWK,medium_airport,Waterkloof Air Force Base,-25.8300,28.2225,940,Africa,ZA,Gauteng,Pretoria,FAWK,WKF,,
330,ZA-0207,heliport,Waterfall City Hospital Helipad,-26.0135,28.1022,888,Africa,ZA,Gauteng,Midrand,ZA-0207,,,
331,ZA-0050,Unknown,Warrenton Airport [CLOSED],-28.1222,24.8688,798,Africa,ZA,Northern Cape,Warrenton,ZA-0050,,,
332,FAWA,small_airport,Warmbaths Airport,-24.9100,28.3000,655,Africa,ZA,Limpopo,Warmbaths,FAWA,,,
333,FADU,small_airport,Walkersons Field,-25.3628,30.1878,41,Africa,ZA,Mpumalanga,Dullstroom,FADU,,,
334,ZA-0028,small_airport,Wakkerstroom Airport,-27.3500,30.1667,848,Africa,ZA,Mpumalanga,Wakkerstroom,ZA-0028,,,
335,FAVY,small_airport,Vryheid Airport,-27.7869,30.7964,799,Africa,ZA,Kwazulu-Natal,Vryheid,FAVY,VYD,,
336,FAVB,medium_airport,Vryburg Airport,-26.9824,24.7288,920,Africa,ZA,North-West,Vyrburg,FAVB,VRU,,
337,FAVR,medium_airport,Vredendal Airport,-31.6410,18.5448,330,Africa,ZA,Western Cape,Vredendal,FAVR,VRE,,
338,FAVD,small_airport,Vrede Airport,-27.4403,29.1531,499,Africa,ZA,Free State,Vrede,FAVD,,,
339,ZA-0149,small_airport,Vosburg Airport,-30.5883,22.8942,0,Africa,ZA,Northern Cape,Vosburg,ZA-0149,,,
340,FAVI,small_airport,Von Abo's Villa Airport,-27.6106,26.6835,304,Africa,ZA,Free State,Von Abo's Villa,FAVI,,,
341,FAVU,small_airport,Volksrust Airport,-27.3769,29.8600,610,Africa,ZA,Mpumalanga,Volksrust,FAVU,,,
342,ZA-0198,Unknown,Voelklip Airfield [CLOSED],-31.3567,17.9214,0,Africa,ZA,Western Cape,Matzikama,ZA-0198,,,
343,ZA-0164,small_airport,Vlakteplaas Airstrip,-33.9690,24.9398,216,Africa,ZA,Eastern Cape,Jeffreys Bay,ZA-0164,,,
344,FAVG,medium_airport,Virginia Airport,-29.7706,31.0584,20,Africa,ZA,Kwazulu-Natal,Durban,FAVG,VIR,,
345,ZA-0023,small_airport,Villiers Airport,-27.0500,28.6000,97,Africa,ZA,Free State,Villers,ZA-0023,,,
346,FAVW,small_airport,Victoria West Airport,-31.3994,23.1564,124,Africa,ZA,Northern Cape,Victoria West,FAVW,,,
347,FAVV,medium_airport,Vereeniging Airport,-26.5664,27.9608,846,Africa,ZA,Gauteng,Vereeniging,FAVV,,,
348,FAVF,small_airport,Verborgenfontei Airport,-31.1658,23.8094,360,Africa,ZA,Northern Cape,Verborgenfontein,FAVF,,,
349,ZA-0008,Unknown,Venterstad Airport [CLOSED],-30.7757,25.7897,200,Africa,ZA,Eastern Cape,Venterstad,ZA-0008,,,
350,FAVE,small_airport,Ventersdorp Airport,-26.3009,26.8142,917,Africa,ZA,North-West,Ventersdorp,FAVE,,,
351,FAVM,small_airport,Venetia Mine Airport,-22.4481,29.3377,333,Africa,ZA,Limpopo,Alldays,FAVM,,,
352,FAVS,small_airport,Vastrap Airport,-27.8346,21.6304,245,Africa,ZA,Northern Cape,Upington,FAVS,,,
353,ZA-0123,small_airport,Vanrhynsdorp Airport,-31.5943,18.7468,490,Africa,ZA,Western Cape,Vanrhynsdorp,ZA-0123,,,
354,ZA-0034,small_airport,Vanggatfontein Airport,-26.2000,28.8167,100,Africa,ZA,Mpumalanga,MIddelburg,ZA-0034,,,
355,FAVP,small_airport,Vanderbijlpark Airport,-26.6903,27.7771,861,Africa,ZA,Gauteng,Vanderbijlpark,FAVP,,,
356,ZA-0150,small_airport,Van Zylsrus Airport,-26.8873,22.0630,0,Africa,ZA,Northern Cape,Van Zylsrus,ZA-0150,,,
357,ZA-0310,small_airport,Valencia Private Airstrip,-29.0275,26.0948,0,Africa,ZA,Free State,Bloemfontein,ZA-0310,,,
358,FAVA,small_airport,Vaalputs Airport,-30.1342,18.5267,340,Africa,ZA,Northern Cape,Vaalputs,FAVA,,,
359,ZA-0262,small_airport,Vaalkoppies Settlement Airport,-28.4463,21.3429,733,Africa,ZA,Northern Cape,Vaalkoppies Settlement,ZA-0262,,,
360,ZA-0152,small_airport,Vaal Dam Airfield,-26.9225,28.1651,0,Africa,ZA,Free State,Deneysville,ZA-0152,,,
361,FAUR,small_airport,Utrecht Airport,-27.6805,30.3168,101,Africa,ZA,Kwazulu-Natal,Utrecht,FAUR,,,
362,FAUB,small_airport,Underberg Airport,-29.7884,29.4983,57,Africa,ZA,Kwazulu-Natal,Underberg,FAUB,,,
363,ZA-0298,small_airport,Umbabat Aero Camp Airfield,-24.5255,31.1197,896,Africa,ZA,Limpopo,Umbabat,ZA-0298,,,
364,FAUS,small_airport,Ulusaba Airport,-24.7854,31.3549,263,Africa,ZA,Limpopo,Ulusaba,FAUS,ULX,,
365,ZA-0201,heliport,Ultimate Heliport,-26.0284,28.1108,826,Africa,ZA,Gauteng,Midrand,ZA-0201,,,
366,FAUC,small_airport,Ulco Airport,-28.3545,24.2291,512,Africa,ZA,Northern Cape,Ulco,FAUC,,,
367,FAUH,small_airport,Uitenhage Airport,-33.7853,25.3833,289,Africa,ZA,Eastern Cape,Uitenhage,FAUH,,,
368,FAUG,small_airport,Ugie Airport,-31.2200,28.2100,580,Africa,ZA,Eastern Cape,Ugie,FAUG,,,
369,FATZ,medium_airport,Tzaneen Airport,-23.8244,30.3293,914,Africa,ZA,Limpopo,Tzaneen,FATZ,LTA,,
370,ZA-0278,small_airport,Tzamenkomst Airport,-30.5987,25.3082,49,Africa,ZA,Northern Cape,Colesberg,ZA-0278,,,
371,ZA-0296,small_airport,Twee Rivieren Airport,-26.4487,20.6072,933,Africa,ZA,Northern Cape,Twee Rivieren,ZA-0296,,,
372,ZA-0248,small_airport,Tutwa Airfield,-28.5967,19.8414,0,Africa,ZA,Northern Cape,Augrabies,ZA-0248,,,
373,FATT,small_airport,Tutuka Power Station Airport,-26.7751,29.3375,313,Africa,ZA,Mpumalanga,Standerton,FATT,,,
374,ZA-0331,Unknown,Tsitsikama Fly Airport [CLOSED],-34.0847,24.2897,381,Africa,ZA,Eastern Cape,Tsitsikama,ZA-0331,,,
375,ZA-0098,small_airport,Tshipise Airport,-22.6193,30.1756,786,Africa,ZA,Limpopo,Tshipise,ZA-0098,TSD,,
376,ZA-0291,heliport,Tshepong Hospital,-26.8874,26.6167,373,Africa,ZA,North-West,Klerksdorp,ZA-0291,,,
377,ZA-0245,heliport,Trollope Mining Services Heliport,-26.0067,28.3444,0,Africa,ZA,Gauteng,Johannesburg,ZA-0245,,,
378,ZA-0137,small_airport,Treverton College Airstrip,-29.1944,30.0149,635,Africa,ZA,Kwazulu-Natal,Mooi River,ZA-0137,,,
379,FATR,small_airport,Trennery's Airport,-32.6397,28.4230,114,Africa,ZA,Eastern Cape,Qolora,FATR,,,
380,ZA-0139,small_airport,Tosca Airport,-25.8757,23.9629,0,Africa,ZA,North-West,Tosca,ZA-0139,,,
381,FATF,small_airport,Tommys Field Airport,-28.2600,22.9932,360,Africa,ZA,Northern Cape,Beeshoek,FATF,,,
382,FATB,small_airport,Thorny Bush Game Lodge Airport,-24.4161,31.1642,900,Africa,ZA,Mpumalanga,Hoedspruit,FATB,,,
383,FATH,small_airport,Thohoyandou Airport,-23.0769,30.3836,21,Africa,ZA,Limpopo,Thohoyandou,FATH,THY,,
384,ZA-0179,small_airport,The Haven Airstrip,-32.2426,28.9101,0,Africa,ZA,Eastern Cape,Mbhashe,ZA-0179,,,
385,FAGA,small_airport,The Grange Airport,-30.2670,29.9670,600,Africa,ZA,Kwazulu-Natal,Umzimkulu,FAGA,,,
386,FATI,small_airport,Thabazimbi Airport,-24.5761,27.4197,225,Africa,ZA,Limpopo,Thabazimbi,FATI,,,
387,FATG,small_airport,Thaba Tholo Airport,-24.2811,27.2294,200,Africa,ZA,Limpopo,Thabazimbi,FATG,,,
388,FATN,small_airport,Thaba Nchu Tar Airport,-29.3178,26.8228,941,Africa,ZA,Free State,Homeward,FATN,TCU,,
389,FATA,small_airport,Tedderfield Air Park,-26.3520,27.9682,198,Africa,ZA,Gauteng,Tedderfield,FATA,,,
390,ZA-0218,small_airport,Tankwa International Airport,-32.3341,19.7535,36,Africa,ZA,Northern Cape,Tankwa Town,ZA-0218,,,
391,ZA-0072,small_airport,Tanda Tula Airport,-24.5255,31.2897,555,Africa,ZA,Mpumalanga,Timbavati,ZA-0072,TDT,,
392,ZA-0080,small_airport,Swartwater Highway Strip Airport,-22.8395,28.2097,800,Africa,ZA,Limpopo,Swartwater,ZA-0080,,,
393,FASK,medium_airport,Swartkop Air Force Base,-25.8097,28.1646,780,Africa,ZA,Gauteng,Pretoria,FASK,,,
394,FASL,small_airport,Sutherland Airport,-32.4882,20.6971,247,Africa,ZA,Northern Cape,Sutherland,FASL,,,
395,ZA-0113,small_airport,Sunset Shores Airfield,-26.8512,28.1984,955,Africa,ZA,Gauteng,Sunset Shores,ZA-0113,,,
396,ZA-0209,heliport,Sunninghill Hospital Helipad,-26.0385,28.0700,787,Africa,ZA,Gauteng,Sandton,ZA-0209,,,
397,ZA-0024,small_airport,Sun Valley Airfield,-26.0333,27.9000,0,Africa,ZA,Gauteng,Sun Valley,ZA-0024,,,
398,ZA-0237,heliport,Sun City Heliport,-25.3417,27.0818,770,Africa,ZA,North-West,Moses Kotane,ZA-0237,,,
399,FATM,small_airport,Stutterheim Airport,-32.5667,27.4500,675,Africa,ZA,Eastern Cape,Stutterheim,FATM,,,
400,ZA-0196,Unknown,Stompneusbaai Airport [CLOSED],-32.7230,17.9704,0,Africa,ZA,Western Cape,Stompneusbaai,ZA-0196,,,
401,ZA-0007,Unknown,Stockdale Landing Strip Airport [CLOSED],-31.2451,26.2985,315,Africa,ZA,Eastern Cape,Alfalfa,ZA-0007,,,
402,FACY,small_airport,Stilbaai Airport,-34.3518,21.4248,266,Africa,ZA,Western Cape,Stilbaai,FACY,,,
403,FALR,small_airport,Steytlerville Airport,-33.3370,24.3214,450,Africa,ZA,Eastern Cape,Steytlerville,FALR,,,
404,ZA-0014,small_airport,Sterkfontein Airport,-28.3768,29.0062,479,Africa,ZA,Free State,Sterkfontein Dam,ZA-0014,,,
405,FASH,small_airport,Stellenbosch Airport,-33.9810,18.8223,295,Africa,ZA,Western Cape,Stellenbosch,FASH,,,
406,FAZQ,small_airport,Star Airport,-26.8931,27.6900,754,Africa,ZA,Free State,Star,FAZQ,,,
407,ZA-0186,small_airport,Stanley Island Airstrip,-34.0114,23.3992,0,Africa,ZA,Western Cape,Keurboomstrand,ZA-0186,,,
408,FASR,Unknown,Standerton Airport [CLOSED],-26.9270,29.2100,200,Africa,ZA,Mpumalanga,Standerton,FASR,,,
409,ZA-0065,small_airport,St Lucia Estuary,-28.3500,32.4167,60,Africa,ZA,Kwazulu-Natal,St Lucía,ZA-0065,,,
410,FACF,small_airport,St Francis Airfield,-34.1869,24.8350,131,Africa,ZA,Eastern Cape,St Francis Bay,FACF,,,
411,FASI,small_airport,Springs Airfield,-26.2494,28.3983,340,Africa,ZA,Gauteng,Del Fouche,FASI,,,
412,FASB,medium_airport,Springbok Airport,-29.6893,17.9396,690,Africa,ZA,Northern Cape,Springbok,FASB,SBU,,
413,ZA-0133,small_airport,Spektakel Airport,-29.6678,17.6008,615,Africa,ZA,Northern Cape,Spektakel,ZA-0133,,,
414,ZA-0257,small_airport,Southern Farms Airport,-28.5463,19.7149,749,Africa,ZA,Northern Cape,Schuitdrift,ZA-0257,,,
415,FALS,small_airport,Somersveld Airport,-33.2462,18.4800,196,Africa,ZA,Western Cape,Somersveld,FALS,,,
416,FAST,small_airport,Somerset East Airport,-32.7502,25.5950,349,Africa,ZA,Eastern Cape,Somerset East,FAST,,,
417,ZA-0166,small_airport,Sodwana Airstrip,-27.5677,32.6532,0,Africa,ZA,Kwazulu-Natal,Sodwana Bay,ZA-0166,,,
418,FASW,small_airport,Slurry Airport,-25.8156,25.8864,692,Africa,ZA,North-West,Slurry,FASW,,,
419,FASZ,medium_airport,Skukuza Airport,-24.9609,31.5887,20,Africa,ZA,Mpumalanga,Skukuza,FASZ,SZK,,
420,ZA-0264,small_airport,Skerpioenpunt Airport,-28.8689,22.1049,923,Africa,ZA,Northern Cape,Groblershoop,ZA-0264,,,
421,ZA-0127,Unknown,Skaapvlei Airport [CLOSED],-31.4997,18.0644,420,Africa,ZA,Western Cape,Skaapvlei,ZA-0127,,,
422,ZA-0159,small_airport,SKA SA Karoo Landing Strip,-30.6938,21.4608,427,Africa,ZA,Northern Cape,Carnarvon,ZA-0159,,,
423,ZA-0270,small_airport,Siyancuma West Airport,-29.1945,23.3439,278,Africa,ZA,Northern Cape,Siyancuma,ZA-0270,,,
424,ZA-0272,small_airport,Siyancuma West 3 Airport,-29.1887,23.5585,291,Africa,ZA,Northern Cape,Siyancuma,ZA-0272,,,
425,ZA-0271,small_airport,Siyancuma West 2 Airport,-29.2236,23.4808,261,Africa,ZA,Northern Cape,Siyancuma,ZA-0271,,,
426,FASM,small_airport,Siteka Airport,-29.3250,30.1492,400,Africa,ZA,Kwazulu-Natal,Siteka,FASM,,,
427,FASS,medium_airport,Sishen Airport,-27.6486,22.9993,848,Africa,ZA,Northern Cape,Sishen,FASS,SIS,,
428,ZA-0300,small_airport,Sirkel N Airport,-23.2018,28.4857,61,Africa,ZA,Limpopo,Baltimore,ZA-0300,,,
429,ZA-0138,small_airport,Singita Safari Lodge Airport,-24.8020,31.4219,365,Africa,ZA,Mpumalanga,Singita Safari Lodge,ZA-0138,SSX,,
430,ZA-0118,Unknown,Simon's Town Airstrip [CLOSED],-34.2066,18.4274,0,Africa,ZA,Western Cape,Cape Town,ZA-0118,,,
431,ZA-0349,small_airport,Silver Creek Gorge Estate Airfield,-25.8011,27.5154,354,Africa,ZA,North-West,Mooinooi,ZA-0349,,,
432,ZA-0154,small_airport,Shingwedzi Camp Airstrip,-23.1150,31.4275,0,Africa,ZA,Limpopo,Shingwedzi,ZA-0154,,,
433,ZA-0231,small_airport,SHAMWARI,-33.4570,26.0514,695,Africa,ZA,Eastern Cape,Shamwari,ZA-0231,,,
434,ZA-0241,heliport,Shambala Game Estate Heliport,-24.2792,28.0338,0,Africa,ZA,Limpopo,Shambala Game Estate,ZA-0241,,,
435,FASN,small_airport,Senekal Airport,-28.3122,27.6461,849,Africa,ZA,Free State,Senekal,FASN,,,
436,ZA-0343,small_airport,Selati Airstrip,-24.0116,30.6842,663,Africa,ZA,Limpopo,Gravelotte,ZA-0343,,,
437,FASC,medium_airport,Secunda Airport,-26.5241,29.1701,250,Africa,ZA,Mpumalanga,Secunda,FASC,ZEC,,
438,ZA-0185,small_airport,Seaview Airport,-34.0011,25.3518,0,Africa,ZA,Eastern Cape,Gqeberha,ZA-0185,,,
439,ZA-0176,small_airport,Scottburgh Airfield,-30.3056,30.7360,0,Africa,ZA,Kwazulu-Natal,Scottburgh,ZA-0176,,,
440,ZA-0056,small_airport,Scottburg Airport,-30.2857,30.6569,196,Africa,ZA,Kwazulu-Natal,Umzinto,ZA-0056,,,
441,FASG,small_airport,Schweizer Reneke Airport,-27.1631,25.2861,373,Africa,ZA,North-West,Schweizer Reneke,FASG,,,
442,ZA-0046,small_airport,Schmidtsdrif Airport,-28.6667,24.0333,366,Africa,ZA,Northern Cape,Schmidtsdrif,ZA-0046,,,
443,ZA-0227,small_airport,Satara,-24.3770,31.7765,928,Africa,ZA,Mpumalanga,Satara,ZA-0227,,,
444,ZA-0101,small_airport,Sappi / Ngodwana,-25.5887,30.6224,0,Africa,ZA,Mpumalanga,Ngodwana,ZA-0101,,,
445,ZA-0335,Unknown,Sani Pass Airport [CLOSED],-29.6572,29.4477,933,Africa,ZA,Kwazulu-Natal,Sani Pass,ZA-0335,,,
446,ZA-0299,small_airport,Sandringham Farm Airstrip,-24.5402,31.2061,575,Africa,ZA,Limpopo,Sandringham,ZA-0299,,,
447,ZA-0238,small_airport,Sanbona Wildlife Reserve Airfield,-33.7233,20.6150,0,Africa,ZA,Western Cape,Sanbona Wildlife Reserve,ZA-0238,,,
448,ZA-0205,heliport,Sanan Helipad,-26.2298,28.0410,597,Africa,ZA,Gauteng,Johannesburg,ZA-0205,,,
449,FASD,medium_airport,Saldanha/Vredenburg Airport,-32.9641,17.9693,50,Africa,ZA,Western Cape,Saldanha-Vredenburg,FASD,,,
450,FASJ,small_airport,Saffier Airport,-26.7600,27.7600,700,Africa,ZA,Gauteng,Saffier,FASJ,,,
451,FASU,small_airport,Sace Airport,-25.9569,29.2117,151,Africa,ZA,Mpumalanga,Sace,FASU,,,
452,FASE,small_airport,Sabi Sabi Airport,-24.9474,31.4488,276,Africa,ZA,Mpumalanga,Belfast,FASE,GSS,,
453,FARG,medium_airport,Rustenburg Airport,-25.6443,27.2711,700,Africa,ZA,North-West,Rustenburg,FARG,,,
454,FARO,small_airport,Rooiberg Airport,-24.7778,27.7523,811,Africa,ZA,Limpopo,Rooiberg,FARO,,,
455,FARS,medium_airport,Robertson Airport,-33.8122,19.9028,640,Africa,ZA,Western Cape,Robertson,FARS,ROD,,
456,ZA-0193,heliport,Robben Island Heliport,-33.8033,18.3670,0,Africa,ZA,Western Cape,Cape Town,ZA-0193,,,
457,ZA-0107,Unknown,Robben Island Airstrip [CLOSED],-33.8004,18.3637,0,Africa,ZA,Western Cape,Cape Town,ZA-0107,,,
458,ZA-0064,small_airport,Riverview Airport,-28.4333,32.1500,210,Africa,ZA,Kwazulu-Natal,Riverview,ZA-0064,,,
459,ZA-0069,small_airport,Riverside Airport,-25.4289,31.5770,24,Africa,ZA,Mpumalanga,Malelane,ZA-0069,,,
460,FARD,small_airport,Riversdale Airport,-34.1117,21.2628,591,Africa,ZA,Western Cape,Riversdale,FARD,,,
461,ZA-0348,Unknown,Rietfontein Airfield [CLOSED],-26.0316,27.8812,38,Africa,ZA,Gauteng,Rietfontein,ZA-0348,,,
462,FARM,small_airport,Richmond Airport,-31.4235,23.9782,731,Africa,ZA,Northern Cape,Richmond,FARM,,,
463,FARB,medium_airport,Richards Bay Airport,-28.7410,32.0921,109,Africa,ZA,Kwazulu-Natal,Richards Bay,FARB,RCB,,
464,FARI,small_airport,Reivilo Airport,-27.5472,24.1725,715,Africa,ZA,North-West,Reivilo,FARI,RVO,,
465,FARZ,small_airport,Reitz Airport,-22.7842,28.4303,331,Africa,ZA,Limpopo,Maasstroom,FARZ,,,
466,ZA-0305,small_airport,Regyne Protea Farm Airport,-34.0327,24.2207,673,Africa,ZA,Eastern Cape,Kou-Kamma,ZA-0305,,,
467,FAGM,medium_airport,Rand Airport,-26.2425,28.1512,483,Africa,ZA,Gauteng,Johannesburg,FAGM,QRA,,
468,ZA-0076,small_airport,Ranch Motel Airport,-24.0410,29.2759,500,Africa,ZA,Limpopo,Polokwane,ZA-0076,,,
469,FAQT,medium_airport,Queenstown Airport,-31.9202,26.8822,637,Africa,ZA,Eastern Cape,Queenstown,FAQT,UTW,,
470,FAPQ,small_airport,Punda Maria,-22.7700,31.0108,500,Africa,ZA,Limpopo,Kruger National Park,FAPQ,,,
471,ZA-0117,heliport,Pumba Helipad,-33.3878,26.4106,0,Africa,ZA,Eastern Cape,Nelson Mandela Bay,ZA-0117,,,
472,ZA-0116,small_airport,Pumba Airstrip,-33.3919,26.3464,0,Africa,ZA,Eastern Cape,Nelson Mandela Bay,ZA-0116,,,
473,FAHE,small_airport,Pullenshope Hendrina Airport,-25.9778,29.6189,171,Africa,ZA,Mpumal